project_name,total_quantity,child_process,cluster,crypto,dgram,dns,eventEmitter,fs,http,http2,https,net,process,readline,repl,stream,tls,util,zlib,cb,ro,oc,op,co,rp,dd
19majkel94_type-graphql,9659,305,0,8710,0,0,0,557,0,0,0,0,0,0,0,0,0,63,0,754,8818,0,0,0,0,24
Automattic_mongoose,86,5,0,2,0,0,0,37,0,0,0,42,0,0,0,0,0,0,0,84,8,0,0,0,0,0
Automattic_wp-calypso,258073,8350,0,230969,0,0,0,13903,2380,0,482,0,0,0,0,0,0,0,0,25054,231515,0,0,485,0,1989
Codeception_CodeceptJS,3057,148,0,8,0,0,0,173,0,0,0,0,0,0,0,0,0,18,0,317,148,0,0,0,0,2710
GoogleChrome_puppeteer,56520,238,0,16411,0,0,0,2099,4485,0,1,33010,0,0,0,0,0,40,25,56103,308,0,0,75,0,211
Gottwik_enduro,86923,15,0,460,0,2,0,79580,2290,0,4,14,0,0,0,0,0,0,720,67893,15356,2,0,164,0,3838
HabitRPG_habitica,48034,16,0,1857,0,0,0,45037,4,0,2,0,0,0,0,0,0,0,0,46154,768,4,0,2,0,1118
IndigoUnited_node-proper-lockfile,4079,16,17,61,0,0,0,3691,0,0,0,0,0,0,0,0,0,0,0,3665,120,0,0,0,0,294
Javascipt_Jsome,240,53,0,21,0,0,0,54,0,0,0,0,0,0,0,0,0,0,0,97,31,0,0,0,0,112
Leonidas-from-XIV_node-xml2js,500,195,0,1,0,0,0,273,0,0,0,0,0,0,0,0,0,0,0,180,289,0,0,0,0,31
Level_levelup,4835,9,0,360,0,0,0,3953,0,0,0,0,0,0,0,0,0,0,0,3368,954,0,0,0,0,513
MrRio_vtop,174,32,0,19,0,0,0,86,4,0,1,0,0,0,0,0,0,0,0,126,46,0,0,1,0,32
NaturalNode_natural,43,3,0,1,0,0,0,39,0,0,0,0,0,0,0,0,0,0,0,42,1,0,0,0,0,0
OptimalBits_bull,23743,249,0,6037,0,0,0,150,0,0,0,17287,0,0,0,0,0,20,0,18527,6597,0,0,0,0,0
PhilWaldmann_openrecord,869,12,0,728,0,0,0,111,11,0,0,4,0,0,0,0,0,0,0,143,728,0,0,2,0,3
QingWei-Li_docsify,50,5,0,1,0,0,0,41,0,0,0,0,0,0,0,0,0,0,0,41,6,0,0,0,0,3
SGrondin_bottleneck,53,7,0,1,0,0,0,37,0,0,0,0,0,0,0,0,0,0,0,43,4,0,0,0,0,8
Swaagie_minimize,97,5,0,54,0,0,0,38,0,0,0,0,0,0,0,0,0,0,0,95,2,0,0,0,0,0
TelescopeJS_Telescope,573,109,0,40,0,0,0,129,0,0,0,0,0,0,0,0,0,0,0,193,85,0,0,0,0,295
Tjatse_node-readability,335,5,0,1,0,0,0,99,71,0,8,0,0,0,0,0,0,0,151,325,29,0,0,19,0,0
TryGhost_Ghost,87831,7,0,71737,0,0,0,12807,2039,0,3,0,0,0,0,0,0,0,1203,85319,2788,0,0,311,0,35
Unitech_pm2,5539,15,0,20,0,0,0,4241,13,0,3,795,0,0,0,0,0,444,8,4933,173,140,0,11,0,0
VictorBjelkholm_trymodule,16172,14,0,62,0,0,0,15978,96,0,14,6,0,0,0,0,0,0,2,16152,30,6,0,8,0,0
Vincit_objection.js,172739,12,0,142532,0,0,0,144,0,0,0,30051,0,0,0,0,0,0,0,172210,569,35,0,0,0,0
actionhero_actionhero,46698,1004,0,24440,0,0,0,11265,2813,0,0,5958,0,0,0,0,0,24,9,12727,33451,0,0,207,0,1185
airbnb_hypernova,2142,32,0,1341,0,0,0,765,4,0,0,0,0,0,0,0,0,0,0,796,1348,0,0,2,0,0
alanshaw_david,18805,12,0,10,0,0,0,18677,6,0,2,0,0,0,0,0,0,0,0,18667,49,0,0,2,0,98
alexfernandez_loadtest,3660,9,0,734,0,0,0,77,2840,0,0,0,0,0,0,0,0,0,0,2925,1155,0,0,420,0,0
almost_through2-concurrent,43,5,0,1,0,0,0,37,0,0,0,0,0,0,0,0,0,0,0,41,2,0,0,0,0,0
andris9_Nodemailer,32215,3,0,3446,0,192,0,2280,2476,0,23,20060,0,0,0,0,0,0,20,26239,2777,0,0,240,0,3715
andywer_leakage,96,13,0,2,0,0,0,81,0,0,0,0,0,0,0,0,0,0,0,91,5,0,0,0,0,0
animir_node-rate-limiter-flexible,295,3,0,105,0,0,0,187,0,0,0,0,0,0,0,0,0,0,0,190,105,0,0,0,0,0
apache_couchdb-nano,9307,15,0,557,0,0,0,910,7819,0,0,0,0,0,0,0,0,0,0,9275,1122,0,0,1096,0,6
apostrophecms_apostrophe,1594,9,0,1418,0,0,0,150,5,0,1,0,0,0,0,0,0,0,11,178,1417,0,0,1,0,0
ashtuchkin_iconv-lite,43,5,0,1,0,0,0,37,0,0,0,0,0,0,0,0,0,0,0,41,2,0,0,0,0,0
avajs_ava,213788,4333,0,6105,0,0,0,184442,0,0,0,0,0,0,0,0,0,0,0,183037,11848,0,0,0,0,18908
axa-group_nlp.js,78071,1018,0,74799,0,0,0,1799,0,0,0,0,0,0,0,0,0,0,12,2766,74862,0,0,0,0,443
baconjs_bacon.js,250,16,0,90,0,0,0,144,0,0,0,0,0,0,0,0,0,0,0,158,92,0,0,0,0,0
badges_shields,4777,154,0,274,0,0,0,861,1378,0,16,2046,0,0,0,0,0,0,32,4591,873,80,0,703,0,16
balderdashy_waterline,122,11,0,3,0,0,0,108,0,0,0,0,0,0,0,0,0,0,0,118,4,0,0,0,0,0
bbc_flashheart,5755,100,0,516,0,0,0,750,4295,0,88,6,0,0,0,0,0,0,0,5477,739,22,0,461,0,0
bbc_sqs-consumer,181,20,0,11,0,0,0,150,0,0,0,0,0,0,0,0,0,0,0,167,14,0,0,0,0,0
bcoe_nyc,62198,392,0,498,0,0,0,59263,0,0,0,0,0,0,0,0,0,1073,0,59361,792,0,0,0,0,972
beatfreaker_subdownloader,45,4,0,1,0,0,0,39,0,0,0,0,0,0,0,0,0,0,0,43,2,0,0,0,0,1
bee-queue_bee-queue,116607,269,0,72,0,0,0,2876,0,0,0,113390,0,0,0,0,0,0,0,116499,963,0,0,0,0,0
bestiejs_benchmark.js,40,3,0,1,0,0,0,36,0,0,0,0,0,0,0,0,0,0,0,39,1,0,0,0,0,0
bitcoinjs_bitcoinjs-lib,9169,41,0,8079,0,0,0,947,0,0,0,0,0,0,0,0,0,102,0,997,8070,0,0,0,0,0
bitinn_node-fetch,1139,15,0,1,0,4,0,46,1012,0,1,0,0,0,0,0,0,0,53,1103,182,5,0,153,0,7
bokub_gradient-string,4641,84,0,90,0,0,0,4467,0,0,0,0,0,0,0,0,0,0,0,4545,96,0,0,0,0,0
bookshelf_bookshelf,1812,6,0,1654,0,0,0,72,0,0,0,80,0,0,0,0,0,0,0,1536,286,0,0,0,0,0
botpress_botpress,4455,6,0,672,0,0,0,2770,0,0,0,427,0,0,0,0,0,0,0,3143,732,61,0,0,0,580
brandonweiss_charge,2051,81,0,190,0,4,0,1635,78,0,0,56,0,0,0,0,0,0,0,1799,262,8,0,12,0,7
brandonweiss_discharge,120,9,0,8,0,0,0,103,0,0,0,0,0,0,0,0,0,0,0,109,11,0,0,0,0,0
broccolijs_broccoli,627,17,0,169,0,0,0,221,169,0,2,49,0,0,0,0,0,0,0,616,79,0,0,30,0,0
brunch_brunch,69450,39,0,10,0,0,0,67302,5,0,1,0,0,0,0,0,0,2044,9,67344,164,0,0,1,0,40
caolan_async,131,11,0,3,0,0,0,117,0,0,0,0,0,0,0,0,0,0,0,127,4,0,0,0,0,0
caolan_highland,83,6,0,2,0,0,0,75,0,0,0,0,0,0,0,0,0,0,0,81,2,0,0,0,0,0
casbin_node-casbin,3190,170,0,1713,0,0,0,506,0,0,0,0,0,0,0,0,0,0,0,565,1824,0,0,0,0,801
cgiffard_node-simplecrawler,972,18,0,710,0,0,0,228,16,0,0,0,0,0,0,0,0,0,0,262,726,16,0,16,0,0
chalk_chalk,1855,50,0,272,0,0,0,1448,0,0,0,0,0,0,0,0,0,83,0,1465,305,0,0,0,0,2
cherow_cherow,171,7,0,128,0,0,0,36,0,0,0,0,0,0,0,0,0,0,0,41,130,0,0,0,0,0
codekirei_node-multispinner,43,5,0,1,0,0,0,37,0,0,0,0,0,0,0,0,0,0,0,41,2,0,0,0,0,0
couchbase_couchnode,567,6,0,2,0,0,0,547,3,0,0,9,0,0,0,0,0,0,0,57,512,0,0,2,0,0
creationix_js-git,69,3,0,29,0,0,0,37,0,0,0,0,0,0,0,0,0,0,0,40,29,0,0,0,0,0
cytoscape_cytoscape.js,1017,25,0,4,0,0,0,146,0,0,0,0,0,0,0,0,0,0,0,166,9,0,0,0,0,842
danielstjules_pjs,42,3,0,1,0,0,0,38,0,0,0,0,0,0,0,0,0,0,0,41,1,0,0,0,0,0
datproject_dat-node,671,16,0,26,0,4,0,575,0,0,0,34,0,0,0,0,0,0,0,625,34,0,0,4,0,16
davesag_jose-simple,101,6,0,20,0,0,0,74,0,0,0,0,0,0,0,0,0,1,0,84,16,0,0,0,0,0
davglass_license-checker,641312,57,0,76,0,0,0,640899,0,0,0,0,0,0,0,0,0,0,0,640675,359,0,0,0,0,280
davidmarkclements_0x,2113,25,0,80,0,0,0,1569,0,0,0,0,0,0,0,0,0,5,0,1271,403,0,0,0,0,434
dcodeIO_protobuf.js,69,3,0,1,0,0,0,65,0,0,0,0,0,0,0,0,0,0,0,68,1,0,0,0,0,0
deepstreamIO_deepstream.io-client-js,41,3,0,1,0,0,0,37,0,0,0,0,0,0,0,0,0,0,0,40,1,0,0,0,0,0
devongovett_pdfkit,832,4,0,274,0,0,0,225,0,0,0,0,0,0,0,0,0,0,0,226,277,0,0,0,0,329
diamondio_better-queue,372,5,0,330,0,0,0,37,0,0,0,0,0,0,0,0,0,0,0,370,2,0,0,0,0,0
documentationjs_documentation,5908,317,0,1144,0,0,0,3583,11,0,0,4,0,0,0,0,0,0,0,3522,1551,0,0,6,0,849
dominictarr_JSONStream,42,3,0,1,0,0,0,38,0,0,0,0,0,0,0,0,0,0,0,41,1,0,0,0,0,0
dominikwilkowski_cfonts,1207,154,0,431,0,0,0,508,0,0,0,0,0,0,0,0,0,0,0,551,542,0,0,0,0,114
dtao_lazy.js,277,15,0,5,0,0,0,221,0,0,0,0,0,0,0,0,0,0,0,202,39,0,0,0,0,36
dthree_cash,499,13,0,70,0,0,0,409,0,0,0,0,0,0,0,0,0,0,0,419,80,0,0,0,0,7
dtjohnson_xlsx-populate,45,3,0,5,0,0,0,37,0,0,0,0,0,0,0,0,0,0,0,40,5,0,0,0,0,0
ehmicky_nve,341706,973,0,37459,0,0,0,163548,1104,0,160,0,0,0,0,38760,0,1173,487,50775,191221,0,0,160,655,98042
eleith_emailjs,755,5,0,14,0,4,0,640,0,0,0,31,0,0,0,0,0,0,0,676,21,1,0,3,0,61
elpheria_rpc-websockets,4012,11,0,833,0,0,0,2239,300,0,0,506,0,0,0,0,0,0,0,3124,885,0,0,68,0,123
esdoc_esdoc,44,5,0,1,0,0,0,38,0,0,0,0,0,0,0,0,0,0,0,42,2,0,0,0,0,0
eslint_eslint,82978,160,0,24516,0,0,0,55439,38,0,0,10,0,0,0,0,0,0,2552,57794,26887,0,0,4,0,263
expressjs_express,11957,5,0,760,0,0,0,601,10193,0,0,0,0,0,0,0,0,0,145,10608,3113,0,0,2017,0,253
facebook_immutable-js,7580,399,0,1481,0,0,0,4641,0,0,0,0,0,0,0,0,0,0,0,4795,1732,0,0,0,0,1059
facebook_jest,244179,36665,0,22102,0,0,0,172438,0,0,0,60,0,0,0,0,0,2,0,206053,25222,0,0,2,0,12912
fastify_fastify,13288,240,0,18,0,0,0,620,6163,0,9,109,0,0,0,0,0,0,12,7011,1340,0,0,1158,0,6117
faye_faye,1639,3,0,448,0,0,0,35,1061,0,52,40,0,0,0,0,0,0,0,1622,254,0,0,229,0,0
feathersjs_feathers,3391,146,0,5,0,0,0,1247,0,0,0,0,0,0,0,0,0,293,0,1069,329,0,0,0,0,1700
feross_multistream,143,9,0,3,0,0,0,131,0,0,0,0,0,0,0,0,0,0,0,140,3,0,0,0,0,0
feross_standard,10489,1278,0,1,0,0,0,9208,0,0,0,0,0,0,0,0,0,0,0,10061,426,0,0,0,0,2
feross_webtorrent,4850,9,0,1187,0,0,0,1269,679,0,0,1432,0,0,0,0,0,0,16,3382,1447,0,0,172,0,258
fivdi_i2c-bus,738,10,0,10,0,0,0,718,0,0,0,0,0,0,0,0,0,0,0,732,6,0,0,0,0,0
fivdi_onoff,116,10,0,10,0,0,0,96,0,0,0,0,0,0,0,0,0,0,0,110,6,0,0,0,0,0
fuse-box_fuse-box,12456,622,0,10144,0,0,0,1208,0,0,0,0,0,0,0,0,0,0,0,1757,10217,0,0,0,0,482
gajus_global-agent,4869,29,0,4166,0,0,0,69,304,0,18,201,0,0,0,0,0,0,0,4680,203,0,0,74,0,82
gajus_slonik,10558,382,0,9378,0,0,0,266,0,0,0,532,0,0,0,0,0,0,0,3706,6852,76,0,0,0,0
gilbitron_Raneto,1320,6,0,721,0,0,0,593,0,0,0,0,0,0,0,0,0,0,0,599,721,0,0,0,0,0
gkozlenko_node-video-lib,44,3,0,4,0,0,0,37,0,0,0,0,0,0,0,0,0,0,0,43,1,0,0,0,0,0
gulpjs_gulp,534,13,0,5,0,0,0,516,0,0,0,0,0,0,0,0,0,0,0,527,16,0,0,0,0,0
h2non_toxy,1030,45,0,1,0,0,0,261,702,0,0,0,0,0,0,0,0,0,0,947,124,0,0,62,0,21
hapijs_hapi,13142,22,0,54,0,0,0,452,11518,0,24,138,0,0,0,54,0,232,324,12056,2614,32,0,2070,0,324
hapijs_joi,43,5,0,1,0,0,0,37,0,0,0,0,0,0,0,0,0,0,0,41,2,0,0,0,0,0
hapijs_wreck,5840,20,0,4,0,0,0,168,5300,0,212,0,0,0,0,0,0,8,112,5508,1300,260,0,992,0,16
hexojs_hexo,4709,3,0,1107,0,0,0,3401,0,0,0,0,0,0,0,0,0,198,0,4164,389,0,0,0,0,0
hughsk_from2,52,3,0,1,0,0,0,48,0,0,0,0,0,0,0,0,0,0,0,39,13,0,0,0,0,0
i18next_i18next,6402,27,0,232,0,0,0,2322,1108,0,1,0,0,0,0,0,0,0,2445,5745,524,0,0,131,0,267
iamkun_dayjs,4337,276,0,2733,0,0,0,1318,0,0,0,0,0,0,0,0,0,0,0,1515,2812,0,0,0,0,10
imagemin_imagemin,1777,33,0,234,0,0,0,1485,0,0,0,0,0,0,0,0,0,24,0,1504,248,0,0,0,0,1
indexzero_http-server,506,12,0,19,0,0,0,131,271,0,0,0,0,0,0,0,0,0,0,406,51,0,0,24,0,73
infusion_GPS.js,43,5,0,1,0,0,0,37,0,0,0,0,0,0,0,0,0,0,0,41,2,0,0,0,0,0
infusion_node-dhcp,43,3,0,1,0,0,0,39,0,0,0,0,0,0,0,0,0,0,0,42,1,0,0,0,0,0
ipfs_js-ipfs,778914,4908,0,110270,0,150,0,451251,25073,0,780,24904,0,0,0,0,0,152422,0,480847,141850,1014,0,5141,194,9156
isaacs_node-tap,9355,1104,0,1892,0,0,0,594,0,0,0,0,0,0,0,0,0,0,0,1266,2482,0,0,0,0,5765
isaacs_rimraf,736,31,0,1,0,0,0,579,0,0,0,0,0,0,0,0,0,0,0,594,17,0,0,0,0,125
isomorphic-git_isomorphic-git,192661,745,0,78626,0,0,0,106502,2269,0,29,4,0,0,0,0,0,0,3112,103358,81290,0,0,83,9063,1374
jahewson_node-byline,226,5,0,3,0,0,0,140,9,0,0,0,0,0,0,0,0,0,0,135,23,0,0,1,0,69
jakubpawlowicz_clean-css,455,3,0,1,0,0,0,37,414,0,0,0,0,0,0,0,0,0,0,454,80,0,0,79,0,0
jaredhanson_passport,43,5,0,1,0,0,0,37,0,0,0,0,0,0,0,0,0,0,0,41,2,0,0,0,0,0
juliangruber_binary-extract,43,5,0,1,0,0,0,37,0,0,0,0,0,0,0,0,0,0,0,41,2,0,0,0,0,0
juliangruber_browser-run,3955,107,0,165,0,0,0,3177,63,0,0,0,0,0,0,0,0,0,0,3008,516,0,0,12,0,443
kalm_kalm.js,1328,192,0,255,0,0,0,376,30,0,0,120,0,0,0,0,0,0,0,613,381,0,0,12,0,355
kefirjs_kefir,349,10,0,2,0,0,0,337,0,0,0,0,0,0,0,0,0,0,0,345,4,0,0,0,0,0
kesla_node-snappy,1525,36,0,17,0,0,0,1466,3,0,1,0,0,0,0,0,0,0,0,1499,27,0,0,1,0,2
kevva_decompress,1413,10,0,131,0,0,0,1240,10,0,2,0,0,0,0,0,0,0,20,1271,143,2,0,1,0,0
kevva_download,1807,9,0,233,0,0,0,1443,79,0,1,0,0,0,0,0,0,0,0,1474,307,0,0,16,0,42
kevva_lnfs,109,9,0,8,0,0,0,92,0,0,0,0,0,0,0,0,0,0,0,98,11,0,0,0,0,0
kevva_wifi-password-cli,82,11,0,8,0,0,0,61,0,0,0,0,0,0,0,0,0,0,0,69,13,0,0,0,0,2
keystonejs_keystone,6571,506,0,606,0,0,0,4144,12,0,0,0,0,0,0,0,0,0,0,4238,1034,0,0,4,0,1303
khaosdoctor_gotql,280,24,0,13,0,0,0,243,0,0,0,0,0,0,0,0,0,0,0,261,19,0,0,0,0,0
koajs_koa,1011,5,0,3,0,0,0,75,898,0,1,12,0,0,0,0,0,0,0,950,224,2,0,177,0,17
kucherenko_jscpd,59649,91,0,59000,0,0,0,387,0,0,0,0,0,0,0,0,0,63,0,449,59031,0,0,0,0,108
lapwinglabs_x-ray,599,8,0,1,0,0,0,133,118,0,17,0,0,0,0,0,0,0,322,554,72,0,0,27,0,0
linuxenko_lessmd,396,9,0,273,0,0,0,114,0,0,0,0,0,0,0,0,0,0,0,123,273,0,0,0,0,0
llambda_agilegps,574,50,0,148,0,0,0,38,26,0,0,0,0,0,0,0,0,0,0,118,146,0,0,2,0,312
louischatriot_nedb,138355,16,0,122680,0,0,0,15658,0,0,0,0,0,0,0,0,0,0,0,138348,8,0,0,0,0,1
lovell_sharp,25537,13,0,7,0,0,0,25304,0,0,0,0,0,0,0,0,0,0,0,25260,64,0,0,0,0,213
luin_ioredis,11679,10,0,19,0,1,0,74,0,0,0,11575,0,0,0,0,0,0,0,11658,1171,0,0,171,0,0
lukechilds_cacheable-request,3914,191,0,359,0,0,0,2044,503,0,5,0,0,0,0,0,0,0,0,2655,504,0,0,57,0,812
lukechilds_keyv,1862,11,0,380,0,0,0,1471,0,0,0,0,0,0,0,0,0,0,0,1481,381,0,0,0,0,0
mafintosh_csv-parser,493,78,0,142,0,0,0,164,0,0,0,0,0,0,0,0,0,0,0,163,221,0,0,0,0,109
mafintosh_duplexify,69,3,0,1,0,0,0,37,0,0,0,28,0,0,0,0,0,0,0,68,3,0,0,1,0,0
mafintosh_peek-stream,41,3,0,1,0,0,0,37,0,0,0,0,0,0,0,0,0,0,0,40,1,0,0,0,0,0
mafintosh_pumpify,41,3,0,1,0,0,0,37,0,0,0,0,0,0,0,0,0,0,0,40,1,0,0,0,0,0
mafintosh_tar-fs,735,3,0,1,0,0,0,685,0,0,0,0,0,0,0,0,0,0,0,332,357,0,0,0,0,46
mafintosh_tar-stream,92,3,0,1,0,0,0,88,0,0,0,0,0,0,0,0,0,0,0,91,1,0,0,0,0,0
mantoni_mochify.js,4795,177,0,303,0,0,0,3160,13,0,0,117,0,0,0,0,0,0,0,3042,734,0,0,4,0,1025
mapbox_node-pre-gyp,1023,89,0,1,0,0,0,47,10,0,2,0,0,0,0,0,0,0,0,147,87,0,0,2,0,874
marionebl_svg-term-cli,488,91,0,52,0,0,0,115,0,0,0,0,0,0,0,0,0,0,0,125,133,0,0,0,0,230
markdown-it_markdown-it,405,4,0,351,0,0,0,39,10,0,0,0,0,0,0,0,0,0,0,53,354,0,0,2,0,1
markelog_adit,182,8,0,100,0,0,0,74,0,0,0,0,0,0,0,0,0,0,0,81,101,0,0,0,0,0
marko-js_marko,891,5,0,531,0,0,0,145,204,0,0,0,0,0,0,0,0,0,0,348,557,0,0,20,0,6
mashpie_i18n-node,172,12,0,4,0,0,0,156,0,0,0,0,0,0,0,0,0,0,0,168,12,0,0,0,0,0
maxogden_binary-split,71,3,0,1,0,0,0,58,0,0,0,0,0,0,0,0,0,0,0,58,4,0,0,0,0,9
mcollina_aedes,111885,3,0,215,0,0,0,36,40,0,0,111591,0,0,0,0,0,0,0,111876,35,0,0,15,0,0
mde_ejs,43,5,0,1,0,0,0,37,0,0,0,0,0,0,0,0,0,0,0,41,2,0,0,0,0,0
micromata_http-fake-backend,212,5,0,1,0,0,0,43,161,0,2,0,0,0,0,0,0,0,0,207,37,3,0,32,0,0
mishoo_UglifyJS2,579,281,0,1,0,0,0,44,0,0,0,0,0,0,0,0,0,0,0,216,182,0,0,0,0,253
mochajs_mocha,31478,657,0,1299,0,0,0,24194,142,0,0,22,0,0,0,0,0,0,1780,24732,3386,0,0,11,0,3384
moment_luxon,6176,185,0,5776,0,0,0,207,0,0,0,0,0,0,0,0,0,0,0,319,5849,0,0,0,0,8
mongo-express_mongo-express,923,19,0,444,0,0,0,184,48,0,0,228,0,0,0,0,0,0,0,481,466,0,0,8,0,0
mongodb_node-mongodb-native,137022,20,0,11190,0,76,0,335,0,0,0,125241,0,0,0,0,0,0,9,134970,4071,0,0,358,0,151
motdotla_dotenv,498,50,0,63,0,0,0,264,0,0,0,0,0,0,0,0,0,0,0,315,80,0,0,0,0,121
mozilla_nunjucks,5599,33,0,292,0,0,0,2036,531,0,0,4,0,0,0,0,0,0,0,1601,1301,0,0,6,0,2703
mqttjs_MQTT.js,674,12,0,18,0,0,0,642,0,0,0,2,0,0,0,0,0,0,0,654,22,2,0,2,0,0
mscdex_ssh2,9200,14,0,7594,0,0,0,74,0,0,0,1518,0,0,0,0,0,0,0,1696,7592,178,0,88,0,0
mysqljs_mysql,5093,6,0,134,0,0,0,104,0,0,0,4829,0,0,0,0,0,0,0,4907,524,0,0,114,0,20
mzabriskie_axios,462,3,0,2,0,0,0,40,401,0,0,0,0,0,0,0,0,0,12,450,74,0,0,66,0,4
nasa_openmct,56254,6,0,10212,0,0,0,39341,288,0,0,4,0,0,0,0,0,0,6368,45948,12261,0,0,2,0,35
nestjs_nest,655,3,0,466,0,0,0,37,0,0,0,149,0,0,0,0,0,0,0,626,47,8,0,18,0,0
nettofarah_property-validator,137,5,0,5,0,0,0,37,90,0,0,0,0,0,0,0,0,0,0,131,16,0,0,10,0,0
niftylettuce_email-templates,3383,28,0,702,0,0,0,2649,0,0,0,0,0,0,0,0,0,0,0,2817,570,0,0,0,0,4
nightwatchjs_nightwatch,130852,2112,0,40,0,0,0,5174,123524,0,2,0,0,0,0,0,0,0,0,129784,15928,16,0,14860,0,0
node-red_node-red,65378,65,0,624,0,0,0,56237,7203,0,5,1227,0,0,0,0,0,0,0,64890,1640,15,0,1050,0,17
nodeca_embedza,2324,21,0,368,0,0,0,179,1632,0,68,0,0,0,0,0,0,0,52,1947,557,0,0,184,0,4
nodeca_idoit,15765,16,0,4537,0,0,0,148,0,0,0,11064,0,0,0,0,0,0,0,15757,196,0,0,0,0,0
nodeca_navit,6073,100,0,8,0,0,0,503,5279,0,0,0,0,0,0,0,0,0,0,5638,1313,0,0,1035,0,183
nodeca_pica,384,3,0,344,0,0,0,37,0,0,0,0,0,0,0,0,0,0,0,40,344,0,0,0,0,0
nodeca_probe-image-size,745,6,0,362,0,0,0,110,199,0,0,13,0,0,0,0,0,0,0,305,399,0,0,14,0,55
nodeca_promise-memoize,84,8,0,2,0,0,0,74,0,0,0,0,0,0,0,0,0,0,0,81,3,0,0,0,0,0
nodeca_url-unshort,91,8,0,2,0,0,0,74,6,0,0,1,0,0,0,0,0,0,0,88,4,0,0,1,0,0
nodejitsu_node-http-proxy,88,8,0,6,0,0,0,74,0,0,0,0,0,0,0,0,0,0,0,84,4,0,0,0,0,0
nodejs_readable-stream,1028,333,0,1,0,0,0,53,116,0,0,0,0,0,0,0,0,0,0,376,135,0,0,8,0,525
nodesource_nscm,93,8,0,5,0,0,0,80,0,0,0,0,0,0,0,0,0,0,0,88,5,0,0,0,0,0
noraesae_pen,1490,16,0,140,0,0,0,1066,225,0,0,0,0,0,0,0,0,0,0,1307,173,0,0,33,0,43
npm_fs-write-stream-atomic,264,28,0,10,0,0,0,115,0,0,0,0,0,0,0,0,0,0,0,135,18,0,0,0,0,111
npm_node-semver,8946,213,0,441,0,0,0,547,0,0,0,0,0,0,0,0,0,0,0,713,488,0,0,0,0,7745
nspragg_filehound,300,8,0,2,0,0,0,290,0,0,0,0,0,0,0,0,0,0,0,297,3,0,0,0,0,0
nuxt_nuxt.js,90560,1659,0,22974,0,0,0,65830,0,0,0,0,0,0,0,0,0,0,0,66911,23552,0,0,0,0,97
oclif_oclif,6767,384,0,1204,0,0,0,1898,118,0,49,0,0,0,0,0,0,0,184,1174,2736,0,0,49,0,2930
parcel-bundler_parcel,4012,3474,0,90,0,0,0,448,0,0,0,0,0,0,0,0,0,0,0,3866,146,0,0,0,0,0
patrickjuchli_basic-ftp,2278,24,0,938,0,0,0,490,0,0,0,792,0,0,0,0,0,34,0,1090,1154,132,0,0,0,0
paulmillr_chokidar,11727,9,0,281,0,0,0,5138,0,0,0,0,0,0,0,0,0,6299,0,5147,697,0,0,0,0,0
pawurb_normit,72,5,0,3,0,0,0,38,23,0,3,0,0,0,0,0,0,0,0,70,5,0,0,3,0,0
pencilblue_pencilblue,1344,3,0,139,0,0,0,1202,0,0,0,0,0,0,0,0,0,0,0,917,427,0,0,0,0,0
pgte_nock,18238,429,0,2386,0,0,0,443,11785,0,44,6,0,0,0,0,0,0,51,12586,4212,0,0,1654,0,3094
phenomic_phenomic,15375,73,0,10082,0,0,0,4007,74,0,0,0,0,0,0,0,0,0,0,4105,10147,0,0,16,0,1139
phusion_passenger,41,3,0,1,0,0,0,37,0,0,0,0,0,0,0,0,0,0,0,40,1,0,0,0,0,0
pinojs_pino,1959,192,0,1,0,0,0,279,54,0,0,0,0,0,0,0,0,0,0,452,86,0,0,12,0,1433
postcss_postcss,34192,160,0,1728,0,0,0,31709,199,0,15,0,0,0,0,0,0,0,12,32035,1805,0,0,17,0,369
power-assert-js_power-assert,33526,40,0,396,0,0,0,28793,57,0,2,4,0,0,0,0,0,3078,616,29150,762,0,0,4,0,540
primus_primus,1443,6,0,72,0,0,0,346,844,0,0,126,0,0,0,0,0,0,0,1304,228,0,0,126,0,49
pugjs_pug,6695,1004,0,3191,0,0,0,2071,0,0,0,0,0,0,0,0,0,0,0,2906,3360,0,0,0,0,429
reactioncommerce_reaction,76560,963,0,44788,0,0,0,15766,124,0,12,8101,0,0,0,0,0,0,0,34996,34911,0,0,53,0,6806
remy_nodemon,31917,767,0,5,0,0,0,12840,2,0,0,0,0,0,0,0,0,17829,0,13130,6677,0,0,1,0,474
reptar_reptar,666,5,0,40,0,0,0,531,0,0,0,0,0,0,0,0,0,0,0,419,157,0,0,0,0,90
request_request,2158,119,0,3,0,0,0,436,0,0,0,0,0,0,0,0,0,0,0,445,113,0,0,0,0,1600
restify_node-restify,9201,9,0,92,0,0,0,227,8739,0,0,19,0,0,0,0,0,0,49,8538,1315,458,0,713,0,66
roccomuso_netcat,682,7,0,1,0,0,0,123,0,0,0,505,0,0,0,0,0,0,0,596,112,0,0,26,0,46
rollup_rollup,25888,91,0,1861,0,0,0,23671,0,0,0,0,0,0,0,0,0,0,0,23685,2127,0,0,0,0,265
rschmukler_agenda,17501,42,0,1195,0,0,0,2628,10,0,2,13624,0,0,0,0,0,0,0,16779,1101,2,0,1,0,0
rtfpessoa_diff2html-cli,550,109,0,42,0,0,0,160,0,0,0,0,0,0,0,0,0,1,0,195,116,0,0,0,0,238
rvagg_through2,71,5,0,29,0,0,0,37,0,0,0,0,0,0,0,0,0,0,0,63,8,0,0,0,0,0
rwaldron_johnny-five,1402,3,0,2,0,0,0,1397,0,0,0,0,0,0,0,0,0,0,0,1401,1,0,0,0,0,0
s-a_iron-node,40,3,0,1,0,0,0,36,0,0,0,0,0,0,0,0,0,0,0,39,1,0,0,0,0,0
sahat_hackathon-starter,1885,14,0,159,0,0,0,200,307,0,7,889,0,0,0,0,0,122,183,1588,337,4,0,44,0,4
scijs_ndarray,40,3,0,1,0,0,0,36,0,0,0,0,0,0,0,0,0,0,0,39,1,0,0,0,0,0
seegno_google-libphonenumber,165,11,0,5,0,0,0,137,0,0,0,0,0,0,0,0,0,0,0,128,25,0,0,0,0,12
senecajs_seneca,427,5,0,1,0,0,0,36,303,0,32,50,0,0,0,0,0,0,0,377,103,48,0,51,0,0
sequelize_sequelize,32932,17,0,32727,0,0,0,188,0,0,0,0,0,0,0,0,0,0,0,32926,6,0,0,0,0,0
sfast_zeronode,2126,32,0,1905,0,0,0,185,3,0,1,0,0,0,0,0,0,0,0,2107,20,0,0,1,0,0
sfninja_thetool,528,117,0,66,0,0,0,160,12,0,0,0,0,0,0,0,0,0,0,210,151,0,0,6,0,173
shannonmoeller_ygor,465,56,0,22,0,0,0,344,0,0,0,0,0,0,0,0,0,0,0,390,32,0,0,0,0,43
sheetjs_js-xlsx,48,8,0,1,0,0,0,39,0,0,0,0,0,0,0,0,0,0,0,45,3,0,0,0,0,0
shelljs_shelljs,4725,271,0,2027,0,0,0,2380,0,0,0,0,0,0,0,0,0,0,0,2395,2323,0,0,0,0,47
siddharthkp_auto-install,219,12,0,55,0,0,0,152,0,0,0,0,0,0,0,0,0,0,0,164,55,0,0,0,0,0
siddharthkp_cost-of-modules,472,108,0,18,0,0,0,316,0,0,0,0,0,0,0,0,0,0,0,414,28,0,0,0,0,30
simonepri_upash,90,9,0,8,0,0,0,73,0,0,0,0,0,0,0,0,0,0,0,79,11,0,0,0,0,0
simov_grant,7896,8,0,1797,0,0,0,74,6015,0,2,0,0,0,0,0,0,0,0,6712,1813,3,0,629,0,0
sindresorhus_clipboard-cli,1299,15,0,56,0,0,0,1227,0,0,0,0,0,0,0,0,0,0,0,1212,86,0,0,0,0,1
sindresorhus_clipboardy,1727,93,0,78,0,0,0,1549,0,0,0,0,0,0,0,0,0,0,0,1268,452,0,0,0,0,7
sindresorhus_cpy,1673,9,0,199,0,0,0,1416,0,0,0,0,0,0,0,0,0,49,0,1475,149,0,0,0,0,0
sindresorhus_crypto-hash,3226,12,0,174,0,0,0,2971,20,0,0,4,0,0,0,0,0,0,44,3045,263,0,0,2,0,1
sindresorhus_del,3977,9,0,181,0,0,0,3787,0,0,0,0,0,0,0,0,0,0,0,3819,158,0,0,0,0,0
sindresorhus_delay,1343,9,0,95,0,0,0,1239,0,0,0,0,0,0,0,0,0,0,0,1245,98,0,0,0,0,0
sindresorhus_each-async,111,9,0,29,0,0,0,73,0,0,0,0,0,0,0,0,0,0,0,80,31,0,0,0,0,0
sindresorhus_emittery,1369,11,0,75,0,0,0,1283,0,0,0,0,0,0,0,0,0,0,0,1293,76,0,0,0,0,0
sindresorhus_execa,9476,1070,0,543,0,0,0,5570,10,0,2,0,0,0,0,534,0,19,5,2887,4849,0,0,2,0,1723
sindresorhus_file-type,6837,9,0,136,0,0,0,3499,0,0,0,0,0,0,0,0,0,0,0,2297,1347,0,0,0,0,3193
sindresorhus_first-chunk-stream,1273,11,0,63,0,0,0,1199,0,0,0,0,0,0,0,0,0,0,0,1209,64,0,0,0,0,0
sindresorhus_fkill-cli,1636,53,0,174,0,0,0,1377,0,0,0,8,0,0,0,0,0,0,0,1348,286,0,0,2,0,24
sindresorhus_generator-nm,2044,9,0,133,0,0,0,1817,0,0,0,0,0,0,0,0,0,0,0,1823,136,0,0,0,0,85
sindresorhus_get-port,1282,9,0,56,0,0,0,1140,0,0,0,77,0,0,0,0,0,0,0,1223,84,0,0,25,0,0
sindresorhus_get-stdin,1344,15,0,103,0,0,0,1226,0,0,0,0,0,0,0,0,0,0,0,1235,109,0,0,0,0,0
sindresorhus_get-stream,1258,9,0,84,0,0,0,1159,0,0,0,0,0,0,0,0,0,0,0,1153,99,0,0,0,0,6
sindresorhus_gh-got,1505,9,0,78,0,0,0,1235,119,0,24,0,0,0,0,0,0,0,40,1416,114,0,0,25,0,0
sindresorhus_gh-home,1308,13,0,71,0,0,0,1223,0,0,0,0,0,0,0,0,0,1,0,1220,87,0,0,0,0,0
sindresorhus_globby,1548,15,0,187,0,0,0,1320,0,0,0,0,0,0,0,0,0,26,0,1329,193,0,0,0,0,0
sindresorhus_got,59311,9667,0,6684,0,1,0,25860,5565,0,331,17,0,0,0,0,0,280,85,36931,12396,13,0,1118,0,10821
sindresorhus_hasha,1316,9,0,122,0,0,0,1167,0,0,0,0,0,0,0,8,0,0,0,1173,133,0,0,0,0,10
sindresorhus_hook-std,198,9,0,11,0,0,0,178,0,0,0,0,0,0,0,0,0,0,0,184,14,0,0,0,0,0
sindresorhus_into-stream,1241,9,0,74,0,0,0,1158,0,0,0,0,0,0,0,0,0,0,0,1164,77,0,0,0,0,0
sindresorhus_ipify,1230,9,0,60,0,0,0,1131,27,0,3,0,0,0,0,0,0,0,0,1167,66,0,0,3,0,0
sindresorhus_is,1459,9,0,138,0,0,0,1309,0,0,0,1,0,0,0,0,0,0,0,1314,143,1,0,0,0,2
sindresorhus_is-online,632,18,0,16,0,0,0,132,440,0,26,0,0,0,0,0,0,0,0,610,66,0,0,44,0,0
sindresorhus_is-up,1314,9,0,64,0,0,0,1211,27,0,3,0,0,0,0,0,0,0,0,1248,69,0,0,3,0,0
sindresorhus_kill-tabs,1264,13,0,66,0,0,0,1175,0,0,0,0,0,0,0,0,0,6,0,1185,73,0,0,0,0,4
sindresorhus_load-json-file,1213,9,0,72,0,0,0,1132,0,0,0,0,0,0,0,0,0,0,0,1138,75,0,0,0,0,0
sindresorhus_log-symbols,1329,9,0,63,0,0,0,1255,0,0,0,0,0,0,0,0,0,0,0,1261,66,0,0,0,0,2
sindresorhus_log-update,1312,9,0,44,0,0,0,1259,0,0,0,0,0,0,0,0,0,0,0,1265,47,0,0,0,0,0
sindresorhus_loud-rejection,7658,404,0,178,0,0,0,6857,6,0,3,0,0,0,0,0,0,0,0,6394,1057,0,0,3,0,210
sindresorhus_meow,1428,36,0,124,0,0,0,1253,0,0,0,0,0,0,0,0,0,0,0,1178,235,0,0,0,0,15
sindresorhus_move-file,1535,15,0,224,0,0,0,1291,0,0,0,0,0,0,0,0,0,5,0,1312,218,0,0,0,0,0
sindresorhus_neat-csv,1229,9,0,70,0,0,0,1150,0,0,0,0,0,0,0,0,0,0,0,1156,73,0,0,0,0,0
sindresorhus_node-module-boilerplate,1153,9,0,40,0,0,0,1104,0,0,0,0,0,0,0,0,0,0,0,1110,43,0,0,0,0,0
sindresorhus_normalize-url,1329,11,0,48,0,0,0,1270,0,0,0,0,0,0,0,0,0,0,0,1280,49,0,0,0,0,0
sindresorhus_np,8851,307,0,788,0,0,0,3103,95,0,24,0,0,0,0,0,0,0,90,2656,1774,2,0,23,0,4444
sindresorhus_npm-name,1463,9,0,101,0,0,0,1145,192,0,16,0,0,0,0,0,0,0,0,1365,114,0,0,16,0,0
sindresorhus_ora,1280,9,0,113,0,0,0,1156,0,0,0,0,0,0,0,0,0,0,0,1162,116,0,0,0,0,2
sindresorhus_os-locale,1220,9,0,68,0,0,0,1139,0,0,0,0,0,0,0,0,0,0,0,1145,71,0,0,0,0,4
sindresorhus_p-map,1268,9,0,120,0,0,0,1139,0,0,0,0,0,0,0,0,0,0,0,1145,123,0,0,0,0,0
sindresorhus_pageres,12156,587,0,3159,0,0,0,1940,505,0,6,5652,0,0,0,0,0,33,28,11136,960,0,0,124,0,246
sindresorhus_pify,1431,24,0,98,0,0,0,1307,0,0,0,0,0,0,0,0,0,0,0,1327,102,0,0,0,0,2
sindresorhus_pkg-dir,1353,9,0,87,0,0,0,1252,0,0,0,0,0,0,0,0,0,5,0,1260,88,0,0,0,0,0
sindresorhus_remote-git-tags,1162,9,0,48,0,0,0,1104,0,0,0,0,0,0,0,0,0,1,0,1110,51,0,0,0,0,0
sindresorhus_speed-test,6214,18,0,97,0,0,0,1259,3920,0,18,0,0,0,0,0,0,0,0,5187,372,0,0,247,0,902
sindresorhus_terminal-image,1462,9,0,79,0,0,0,1373,0,0,0,0,0,0,0,0,0,1,0,1379,82,0,0,0,0,0
sindresorhus_trash,26496,29,0,5167,0,0,0,1204,0,0,0,0,0,0,0,0,0,20076,0,6245,175,0,0,0,0,20
sindresorhus_wallpaper,1425,9,0,191,0,0,0,1204,0,0,0,0,0,0,0,0,0,21,0,1210,194,0,0,0,0,0
sindresorhus_write-json-file,1458,9,0,116,0,0,0,1246,0,0,0,0,0,0,0,0,0,87,0,1263,108,0,0,0,0,0
sinonjs_sinon,32909,59,0,1463,0,0,0,27468,21,0,1,150,0,0,0,0,0,1,0,26374,2796,0,0,5,0,3746
skale-me_skale-engine,46,6,0,1,0,0,0,39,0,0,0,0,0,0,0,0,0,0,0,44,2,0,0,0,0,0
slanatech_swagger-stats,4062,55,0,53,0,0,0,463,3348,0,0,0,0,0,0,0,0,0,0,3794,877,0,0,752,0,143
smrchy_rsmq,3211,10,0,2,0,0,0,74,0,0,0,3125,0,0,0,0,0,0,0,3207,9,0,0,0,0,0
snd_url-pattern,94,9,0,2,0,0,0,83,0,0,0,0,0,0,0,0,0,0,0,91,3,0,0,0,0,0
socketio_socket.io,4403,8,0,563,0,0,0,41,3730,0,0,8,0,0,0,0,0,0,53,4176,870,123,0,642,0,0
soldair_node-qrcode,2612,120,0,6,0,0,0,350,0,0,0,0,0,0,0,0,0,0,98,480,94,0,0,0,0,2038
strongloop_loopback,94647,8,0,8632,0,31,0,75438,7052,0,0,11,0,0,0,0,0,0,1248,85199,8308,0,0,1086,0,2227
substack_stream-combiner2,41,3,0,1,0,0,0,37,0,0,0,0,0,0,0,0,0,0,0,40,1,0,0,0,0,0
substack_tape,19895,231,0,245,0,0,0,18436,6,0,0,0,0,0,0,0,0,0,0,18415,505,0,0,2,0,977
szwacz_fs-jetpack,1459,5,0,456,0,0,0,891,0,0,0,0,0,0,0,0,0,0,0,1098,254,0,0,0,0,107
tapio_live-server,20570,14,0,2008,0,0,0,18200,284,0,8,0,0,0,0,0,0,0,0,18439,3373,0,0,49,0,56
taskrabbit_node-resque,10294,364,0,1181,0,0,0,630,0,0,0,7848,0,0,0,0,0,0,0,8694,2142,0,0,0,0,271
teambit_bit,91,5,0,28,0,0,0,58,0,0,0,0,0,0,0,0,0,0,0,44,47,0,0,0,0,0
ternjs_acorn,633,12,0,477,0,0,0,144,0,0,0,0,0,0,0,0,0,0,0,155,478,0,0,0,0,0
theintern_intern,4965,17,0,579,0,0,0,1618,290,0,24,0,0,0,0,0,0,0,976,1561,1986,0,0,40,0,1461
thejoshwolfe_yauzl,2599,3,0,1,0,0,0,1635,0,0,0,0,0,0,0,0,0,0,210,1303,546,0,0,0,0,750
thejoshwolfe_yazl,153,3,0,1,0,0,0,83,0,0,0,0,0,0,0,0,0,0,19,70,36,0,0,0,0,47
thinkjs_thinkjs,1077,137,80,15,0,0,0,829,0,0,0,0,0,0,0,0,0,0,0,1009,52,0,0,0,0,16
timoxley_columnify,17045,6,0,12,0,0,0,16363,9,0,2,0,0,0,0,0,0,643,10,16391,13,0,0,2,0,0
tommybananas_finale,4763,11,0,433,0,0,0,108,4211,0,0,0,0,0,0,0,0,0,0,4547,623,0,0,407,0,0
typeorm_typeorm,462,5,0,1,0,0,0,456,0,0,0,0,0,0,0,0,0,0,0,460,2,0,0,0,0,0
typicode_hotel,1926,151,0,38,0,0,0,1225,287,0,2,80,0,0,0,0,0,0,8,1728,123,0,0,41,0,135
typicode_json-server,5866,186,0,2902,0,0,0,597,1241,0,0,280,0,0,0,0,0,2,84,2305,3257,0,0,202,0,574
typicode_lowdb,634,104,0,146,0,0,0,164,0,0,0,0,0,0,0,0,0,0,0,245,169,0,0,0,0,220
ubolonton_js-csp,45,7,0,1,0,0,0,37,0,0,0,0,0,0,0,0,0,0,0,42,3,0,0,0,0,0
vadimdemedes_ink,279,81,0,39,0,0,0,134,0,0,0,24,0,0,0,0,0,0,0,178,100,24,0,0,0,1
visionmedia_debug,2043,15,0,73,0,0,0,1875,21,0,0,4,0,0,0,0,0,0,24,1916,98,0,0,2,0,31
visionmedia_superagent,7611,30,0,1527,0,0,0,3533,2374,0,11,3,0,0,0,0,0,0,48,5871,2052,1,0,395,0,85
voidcosmos_npkill,725,119,0,112,0,0,0,170,0,0,0,0,0,0,0,0,0,0,0,216,185,0,0,0,0,324
voodootikigod_node-serialport,262,9,0,76,0,0,0,51,0,0,0,0,0,0,0,0,0,82,0,61,75,0,0,0,0,44
watson_stackman,253,3,0,1,0,0,0,249,0,0,0,0,0,0,0,0,0,0,0,252,1,0,0,0,0,0
webpack_webpack,1948591,5952,0,471038,0,0,0,1470905,0,0,0,0,0,0,0,0,0,0,0,1471241,480263,0,0,0,0,696
weyoss_redis-smq,18111,203,0,3306,0,0,0,191,0,0,0,14409,0,0,0,0,0,0,0,15253,3384,0,0,0,0,2
whitef0x0_tellform,842,6,0,237,0,0,0,389,198,0,0,11,0,0,0,0,0,0,0,618,264,0,0,2,0,1
winstonjs_winston,270,14,0,92,0,0,0,164,0,0,0,0,0,0,0,0,0,0,0,138,132,0,0,0,0,0
witheve_Eve,274,3,0,236,0,0,0,35,0,0,0,0,0,0,0,0,0,0,0,273,1,0,0,0,0,0
wooorm_alex,18283,94,0,1017,0,0,0,15847,0,0,0,0,0,0,0,0,0,0,0,14546,2426,0,0,0,0,1325
wooorm_franc,3783,104,0,183,0,0,0,3338,0,0,0,0,0,0,0,0,0,0,0,3144,493,0,0,0,0,158
wooorm_remark,14738,48,0,1317,0,0,0,12409,0,0,0,0,0,0,0,0,0,0,0,11807,1986,0,0,0,0,964
wooorm_retext,6887,38,0,264,0,0,0,6279,0,0,0,0,0,0,0,0,0,0,0,6127,472,0,0,0,0,306
xojs_xo,3519,113,0,545,0,0,0,2840,0,0,0,0,0,0,0,0,0,4,0,2638,860,0,0,0,0,17
xxczaki_cash-cli,1544,39,0,99,0,0,0,1294,54,0,6,0,0,0,0,0,0,0,24,1288,234,0,0,6,0,28
yargs_yargs,12213,42,0,1,0,0,0,12153,0,0,0,0,0,0,0,0,0,0,0,12129,52,0,0,0,15,17
yeoman_insight,1904,45,0,329,0,0,0,1524,5,0,1,0,0,0,0,0,0,0,0,1560,345,0,0,1,0,0
yeoman_update-notifier,1387,21,0,193,0,0,0,1150,19,0,3,0,0,0,0,0,0,0,0,1182,206,2,0,2,0,1
zeit_micro,1979,113,0,66,0,0,0,947,835,0,0,0,0,0,0,0,0,0,0,1927,128,47,0,94,0,18
zeit_next.js,42,3,0,1,0,0,0,38,0,0,0,0,0,0,0,0,0,0,0,41,1,0,0,0,0,0
zeit_pkg,925,6,0,830,0,0,0,89,0,0,0,0,0,0,0,0,0,0,0,95,830,0,0,0,0,0
zenparsing_zen-observable,41,3,0,1,0,0,0,37,0,0,0,0,0,0,0,0,0,0,0,40,1,0,0,0,0,0
